{"cameraMode":{"drawMode":0,"name":"Shaded","section":"Shading Mode"},"sceneLighting":false,"audioPlay":false,"sceneViewState":{"m_AlwaysRefresh":true,"showFog":true,"showSkybox":false,"showFlares":true,"showImageEffects":true,"showParticleSystems":true,"showVisualEffectGraphs":true,"m_FxEnabled":true},"in2DMode":false,"pivot":{"x":0.0742000862956047,"y":0.336545467376709,"z":0.04520675912499428},"rotation":{"x":-0.0010865703225135804,"y":-0.8822593092918396,"z":-0.0021295403130352499,"w":0.470814049243927},"size":-0.0035737070720642807,"orthographic":false}