{"cameraMode":{"drawMode":0,"name":"Shaded","section":"Shading Mode"},"sceneLighting":true,"audioPlay":false,"sceneViewState":{"m_AlwaysRefresh":true,"showFog":true,"showSkybox":true,"showFlares":true,"showImageEffects":true,"showParticleSystems":true,"showVisualEffectGraphs":true,"m_FxEnabled":true},"in2DMode":false,"pivot":{"x":1.6870050430297852,"y":-3.7848808765411379,"z":6.205292224884033},"rotation":{"x":0.12439700216054917,"y":-0.6564390659332275,"z":0.11088837683200836,"w":0.7358824610710144},"size":1.0972583293914796,"orthographic":false}